{
  "Name": "HandTrigger",
  "Transform": {
    "posX": -31.530000686645508,
    "posY": 3.2934000492095947,
    "posZ": -34.425201416015625,
    "rotX": -0.0,
    "rotY": 0.0,
    "rotZ": 0.0,
    "scaleX": 15.326899528503418,
    "scaleY": 11.897100448608398,
    "scaleZ": 6.350100040435791
  },
  "Nickname": "",
  "Description": "",
  "GMNotes": "",
  "AltLookAngle": {
    "x": 0.0,
    "y": 0.0,
    "z": 0.0
  },
  "ColorDiffuse": {
    "r": 0.8560000061988831,
    "g": 0.09999997168779373,
    "b": 0.0939999595284462,
    "a": 0.0
  },
  "LayoutGroupSortIndex": 0,
  "Value": 0,
  "Locked": true,
  "Grid": false,
  "Snap": true,
  "IgnoreFoW": false,
  "MeasureMovement": false,
  "DragSelectable": true,
  "Autoraise": true,
  "Sticky": true,
  "Tooltip": true,
  "GridProjection": false,
  "HideWhenFaceDown": false,
  "Hands": false,
  "FogColor": "Red"
}
